{
  "project": {
    "version": "1.0.0",
    "name": "wes-web"
  },
  "apps": [
    {
      "root": "src",
      "outDir": "dist",
      "assets": [
        "resources",
        "config.json",
        "Sensor_favicon.ico"
      ],
      "index": "index.html",
      "main": "main.ts",
      "test": "test.ts",
      "tsconfig": "tsconfig.json",
      "prefix": "app",
      "mobile": false,
      "styles": [
        "./resources/stylesheets/bootstrap.min.css",
        "./resources/stylesheets/font-awesome.css",
        "./resources/stylesheets/nv.d3.min.css",
        "./resources/stylesheets/datepicker.css",
        "./resources/stylesheets/datatables.css",
        "./resources/stylesheets/fixedColumns.bootstrap.css",
        "./resources/stylesheets/fixedHeader.bootstrap.css",
        "./resources/stylesheets/animate.css",
        "./resources/stylesheets/simple-sidebar.css",
        "./resources/stylesheets/awesome-bootstrap-checkbox.css",
        "./resources/stylesheets/styles.css",
        "../node_modules/dragula/dist/dragula.min.css"
      ],
      "scripts": [
        "../node_modules/moment/min/moment.min.js",
        "./resources/js/jquery-3.1.1.js",
        "./resources/js/bootstrap.js",
        "./resources/js/underscore/underscore.js",
        "./resources/js/datepicker/datepicker.js",
        "./resources/js/datepicker/datepicker.en.js",
        "./resources/js/datatables.min.js",
        "./resources/js/dataTables.fixedHeader.js",
        "./resources/js/dataTables.fixedColumns.js",
        "./resources/js/bootstrap-slider.min.js",
        "../node_modules/noty/js/noty/packaged/jquery.noty.packaged.min.js"
      ],
      "environmentSource": {
        "source": "environments/environment.ts",
        "dev": "environments/environment.ts",
        "prod": "environments/environment.prod.ts"
      }
    }
  ],
  "addons": [],
  "packages": [],
  "e2e": {
    "protractor": {
      "config": "./protractor.conf.js"
    }
  },
  "test": {
    "karma": {
      "config": "./karma.conf.js"
    }
  },
  "defaults": {
    "styleExt": "css",
    "prefixInterfaces": false,
    "inline": {
      "style": false,
      "template": false
    },
    "spec": {
      "class": false,
      "component": true,
      "directive": true,
      "module": false,
      "pipe": true,
      "service": true
    }
  }
}