{
  "project": {
    "version": "0.0.1",
    "name": "sensorthink-commoncontrols"
  },
  "apps": [
    {
      "root": "src",
      "outDir": "dist",
      "main": "main.ts",
      "test": "test.ts",
      "tsconfig": "tsconfig.json",
      "prefix": "app",
      "mobile": false
    }
  ],
  "addons": [],
  "packages": [],
  "test": {
    "karma": {
      "config": "./karma.conf.js"
    }
  },
  "defaults": {
    "spec": {
      "class": false,
      "component": true,
      "directive": true,
      "module": false,
      "pipe": true,
      "service": true
    }
  }
}